{
    "module": "system",
    "code": "success",
    "paging": {
        "pageSize": 10,
        "total": 3431435,
        "page": 1
    },
    "data": [
        {
            "id": 1,
            "title": "标题1标题1标题1标题1标题1标题1标题1标题1标题1标题1",
            "importance": "中",
            "version": "1.0",
            "status": "closed",
            "creatorNickName": "boyue",
            "gmtCreated": "20180101",
            "handlerNickName": "boyue"
        },
        {
            "id": 2,
            "title": "标题2",
            "importance": "高",
            "version": "1.0",
            "status": "closed",
            "creatorNickName": "boyue",
            "gmtCreated": "20180101",
            "handlerNickName": "boyue"
        },
        {
            "id": 3,
            "title": "标题3",
            "importance": "低",
            "version": "1.0",
            "status": "closed",
            "creatorNickName": "boyue",
            "gmtCreated": "20180101",
            "handlerNickName": "boyue"
        },
        {
            "id": 4,
            "title": "标题4",
            "importance": "中",
            "version": "1.0",
            "status": "closed",
            "creatorNickName": "boyue",
            "gmtCreated": "20180101",
            "handlerNickName": "boyue"
        },
        {
            "id": 5,
            "title": "标题5",
            "importance": "高",
            "version": "1.0",
            "status": "closed",
            "creatorNickName": "boyue",
            "gmtCreated": "20180101",
            "handlerNickName": "boyue"
        },
        {
            "id": 6,
            "title": "标题6",
            "importance": "低",
            "version": "1.0",
            "status": "closed",
            "creatorNickName": "boyue",
            "gmtCreated": "20180101",
            "handlerNickName": "boyue"
        },
        {
            "id": 7,
            "title": "标题7",
            "importance": "中",
            "version": "1.0",
            "status": "closed",
            "creatorNickName": "boyue",
            "gmtCreated": "20180101",
            "handlerNickName": "boyue"
        },
        {
            "id": 8,
            "title": "标题8",
            "importance": "高",
            "version": "1.0",
            "status": "closed",
            "creatorNickName": "boyue",
            "gmtCreated": "20180101",
            "handlerNickName": "boyue"
        },
        {
            "id": 9,
            "title": "标题9",
            "importance": "低",
            "version": "1.0",
            "status": "closed",
            "creatorNickName": "boyue",
            "gmtCreated": "20180101",
            "handlerNickName": "boyue"
        },
        {
            "id": 10,
            "title": "标题10",
            "importance": "低",
            "version": "1.0",
            "status": "closed",
            "creatorNickName": "boyue",
            "gmtCreated": "20180101",
            "handlerNickName": "boyue"
        }
    ],
    "msg": "执行成功",
    "lang": "zh",
    "version": "1.0"
}